region,year,richness,exp_shannon,inv_simpson,lex_div_q_0,lex_div_q_1,lex_div_q_2
Central Finland,1990,14,1.0239464766366364,1.0053713643780038,1.0236640886426651,1.008075017392083,1.0046592224570978
Central Finland,1991,15,1.0318168302138686,1.007222890016363,1.0314019410272484,1.0105521819867538,1.0060904411513873
Central Finland,1992,17,1.0415966101786718,1.0095889317875357,1.0422115364747666,1.0139315903747699,1.0080059121529148
Central Finland,1993,21,1.0502808158789443,1.011628944211468,1.0517990882684567,1.0170132772086065,1.009745084565525
Central Finland,1994,22,1.0548155500421201,1.0128135120800492,1.0574647595768358,1.018889397307765,1.0108084467778053
Central Finland,1995,23,1.0584599198815392,1.0137457817672675,1.0613731792685206,1.020177027226209,1.011550877093723
Central Finland,1996,23,1.0631035623089533,1.015084533660031,1.0663686126579832,1.021943346756331,1.0125971098143371
Central Finland,1997,25,1.0692747008563313,1.016697849436685,1.0740380949788408,1.0244335876446344,1.0140059439630262
Central Finland,1998,22,1.072195009321027,1.0176502701172068,1.0784896472651044,1.0259325951690608,1.0148544504915677
Central Finland,1999,24,1.0781552049684502,1.0192137455517274,1.086514016228421,1.0285255953790011,1.0163029786623592
Central Finland,2000,26,1.0821164394616312,1.0202942104344896,1.0908877407703672,1.030138247502124,1.0172432865816734
Central Finland,2001,25,1.088106381943549,1.0221256789870372,1.0984910428681744,1.0329064154891892,1.0188529229716543
Central Finland,2002,27,1.091234538145293,1.023092284777417,1.1030062653002768,1.0344215490460158,1.0197083819452235
Central Finland,2003,27,1.0979193198677424,1.0248573888629602,1.1105487990667642,1.0369699843198676,1.0211703928764513
Central Finland,2004,27,1.1083404383522568,1.0274947074148248,1.124338935376363,1.041126261453024,1.0234513185545246
Central Finland,2005,32,1.1146627756215386,1.0289820145991082,1.131470021020125,1.0434151567503813,1.02473292663467
Central Finland,2006,33,1.1219184209544038,1.0308195972463203,1.1395210284758066,1.0461177246936948,1.0262764727446279
Central Finland,2007,36,1.130240359843874,1.0327041924468277,1.1478843074477636,1.0490215515938808,1.0279320771922256
Central Finland,2008,38,1.1413979688851277,1.0355235484981862,1.160033584132302,1.053302993782783,1.0303838075649026
Central Finland,2009,41,1.1514906773373674,1.037902876597274,1.1702252613526956,1.0567559840692953,1.0323528063226843
Central Finland,2010,46,1.1601306980483692,1.039738131067709,1.1787727148359874,1.0596008004688386,1.0339461567099262
Central Finland,2011,48,1.1713503790188968,1.0426563906333093,1.1904735860036983,1.063851825044776,1.0364092012700348
Central Finland,2012,50,1.1841259606213557,1.0459606170744526,1.2035661651216052,1.0685131402767662,1.0391031921408627
Central Finland,2013,48,1.193151409646033,1.0483755718363792,1.21239112147213,1.0718196219997298,1.0410390903543059
Central Finland,2014,51,1.207476025860567,1.0518119857990047,1.2265429872005684,1.0768331420762385,1.0439105355166376
Central Finland,2015,53,1.2188020762094594,1.0545983952180478,1.2388494926272628,1.081098694102812,1.0463237552498539
Central Finland,2016,56,1.2386248991662494,1.059687845386431,1.2652677805977395,1.0894391157120515,1.050873209989279
Central Finland,2017,55,1.2485889576120555,1.0621196613884991,1.277451961723701,1.0934200133484422,1.0530558882586796
Central Finland,2018,59,1.2590762762516654,1.0645179513687584,1.2884851519487996,1.0972083523957163,1.0551737436132618
Central Finland,2019,61,1.2718887587711267,1.0675210768810277,1.3017851761657286,1.1018983201061199,1.0578117531887286
Central Finland,2020,61,1.281420667509536,1.0699164366122471,1.3127535004680249,1.1057690719541158,1.0599774141977518
Central Finland,2021,63,1.29616122315266,1.073397955034374,1.3286027321410372,1.111237032564681,1.0630209167318667
Central Finland,2022,66,1.320010250820209,1.0788567433120766,1.351262253986295,1.1196835854353888,1.0678296407181327
Central Finland,2023,66,1.3845291651440168,1.095675462480018,1.4131436858784472,1.1447847594700722,1.0824674968791133
Central Finland,2024,65,1.43590315707371,1.1101206396445966,1.4622749653809184,1.1658434449562205,1.0949117966808426
Central Finland,2025,65,1.4643669684719873,1.1176444001154295,1.4887087501251108,1.1769915636058792,1.1014427325001042
Central Ostrobothnia,1990,4,1.4060706736258883,1.2343055746735616,1.4859890176824433,1.286756791053932,1.2006532099148044
Central Ostrobothnia,1991,5,1.4119129587718817,1.234554256992243,1.488365871363542,1.287090752026587,1.2005789377062142
Central Ostrobothnia,1992,5,1.4136421037244906,1.2329992876591118,1.4878603519925788,1.285387843935748,1.1989651073825907
Central Ostrobothnia,1993,6,1.415277392187132,1.2320505370978319,1.4905212836893995,1.2852152329913524,1.1983691488461334
Central Ostrobothnia,1994,9,1.4212258375439681,1.2319901746238355,1.495371359763121,1.2859011973072134,1.1983087224956035
Central Ostrobothnia,1995,8,1.4234889285510905,1.231843590382767,1.4949075953023554,1.285324307167682,1.1977963918537229
Central Ostrobothnia,1996,9,1.4254298522643394,1.230730738654245,1.4981096002007626,1.284914741685847,1.196972152542005
Central Ostrobothnia,1997,9,1.4253404341022913,1.2301944502608397,1.4967153807724114,1.2842364380687774,1.196461350415806
Central Ostrobothnia,1998,11,1.4333789705903477,1.2315591339467884,1.5028630197361064,1.2861830004473802,1.1974287286218055
Central Ostrobothnia,1999,11,1.4338523797958442,1.2314245543198148,1.50296015083186,1.286138126041208,1.197336270249198
Central Ostrobothnia,2000,11,1.4393700783753167,1.2329549113710425,1.511301229643751,1.2889682271597553,1.198867076737023
Central Ostrobothnia,2001,12,1.440282017773179,1.232405274637224,1.5111611413477763,1.288321111908891,1.1982761854506667
Central Ostrobothnia,2002,12,1.4370181503017887,1.230765852847574,1.5060005848013716,1.2859428428353152,1.1966952646923166
Central Ostrobothnia,2003,13,1.4378602584650417,1.2303013478592764,1.5068927402240384,1.2858918106663746,1.196463873853455
Central Ostrobothnia,2004,12,1.4373301115909731,1.229896903736181,1.5037088982782776,1.2844698926743756,1.1956006869034743
Central Ostrobothnia,2005,12,1.4392889074160644,1.2293750742391474,1.504823051148253,1.2839974307971254,1.1950121903102797
Central Ostrobothnia,2006,14,1.4462922514896117,1.2301522128798268,1.5097840183935507,1.285243579408805,1.1954832564629705
Central Ostrobothnia,2007,14,1.454953444274396,1.2313914520683553,1.5167857796050384,1.2875121373065421,1.1965578930024108
Central Ostrobothnia,2008,20,1.4820556851567723,1.2364293942276985,1.5389708778209035,1.2959130271737074,1.2011290637452363
Central Ostrobothnia,2009,20,1.4798326956043875,1.2344631359992744,1.5397825485935046,1.2944882600989789,1.1996988726961058
Central Ostrobothnia,2010,21,1.4981753428511306,1.2390156321110664,1.5525686348333572,1.299647769239759,1.2028100565186537
Central Ostrobothnia,2011,22,1.5112237713249745,1.2412985619483146,1.5607405590920451,1.3023306187984047,1.2041508458020656
Central Ostrobothnia,2012,22,1.5172453109823643,1.2421406964385047,1.5615969726992618,1.3025243897930217,1.204205226943357
Central Ostrobothnia,2013,24,1.5341785597278035,1.2439252738509852,1.5753847311732974,1.3062481000923967,1.20564688330201
Central Ostrobothnia,2014,25,1.5482343555699591,1.2470433141022188,1.5869483719003945,1.310782754023607,1.208165891431389
Central Ostrobothnia,2015,27,1.5723313112620076,1.250945201094963,1.604850277022077,1.3169649699799588,1.2112618207656887
Central Ostrobothnia,2016,25,1.5906567247968642,1.2552798814720234,1.6238277133922308,1.3236660085892844,1.2148189215889191
Central Ostrobothnia,2017,25,1.5919760387870343,1.255738054368878,1.6262901886236747,1.3250099159182587,1.2156071734089233
Central Ostrobothnia,2018,27,1.5996488915720037,1.2571186556044542,1.6333247143501926,1.3272420861689151,1.2167870923611972
Central Ostrobothnia,2019,27,1.6087794193969778,1.2599924562572984,1.6421289964402537,1.3314876805296167,1.2194102894910714
Central Ostrobothnia,2020,30,1.627359168512537,1.2640889405248756,1.6564100036596083,1.337535603878507,1.2229000323512216
Central Ostrobothnia,2021,30,1.6384096141206228,1.2658674545537465,1.6680919997108723,1.3413014909968781,1.2246152715055838
Central Ostrobothnia,2022,33,1.6745882467164626,1.2740595418811411,1.6943740891287848,1.3528449627444115,1.2313874571606984
Central Ostrobothnia,2023,36,1.7464437964911341,1.2910668631518294,1.7503173704747035,1.3773889001562212,1.2456567470496203
Central Ostrobothnia,2024,38,1.7994829200995348,1.303688362900614,1.7891608838764108,1.3954517763040448,1.2561406107368964
Central Ostrobothnia,2025,39,1.8458517940520556,1.3157964388854295,1.8262615251868126,1.4126660507915665,1.2661516377273554
Kainuu,1990,4,1.0087146004197771,1.0019297996031973,1.0081982270443386,1.0029318148638782,1.0017060564142384
Kainuu,1991,4,1.011095203435715,1.0026108752057614,1.0116742850098817,1.0040302781912904,1.0023201935352088
Kainuu,1992,4,1.0141305706858448,1.0034685354307324,1.0137813862708194,1.0049733526888347,1.0029242735984356
Kainuu,1993,5,1.0205755819326605,1.0051012101534516,1.0216053924915505,1.007544423230805,1.00437804005517
Kainuu,1994,6,1.024629456865686,1.0061183855710045,1.025125976473421,1.0088367650672776,1.00515440233302
Kainuu,1995,6,1.0228057531428567,1.0057787958200797,1.024538433305811,1.0086429266441528,1.005017865533481
Kainuu,1996,6,1.0245535815309736,1.0063432266013705,1.0264478270761594,1.0093857836035822,1.0054680143153045
Kainuu,1997,6,1.026131679264435,1.006880261819312,1.0283696312186856,1.0101304102183883,1.005915239760364
Kainuu,1998,7,1.0298842127423185,1.0079510846863469,1.0335507336035266,1.0118750904067437,1.0069048762042847
Kainuu,1999,8,1.0376215892492526,1.0099041450202,1.0400720545801798,1.014590002843027,1.008572326190588
Kainuu,2000,7,1.0411343013506733,1.0112053583843303,1.0440375782360896,1.016388466597226,1.0096979594338034
Kainuu,2001,6,1.0403902044227904,1.0112279823901829,1.0445996573258396,1.0164989056521114,1.0097378528652299
Kainuu,2002,11,1.0534155183219382,1.0143691929456358,1.0656005143959524,1.0220828920806717,1.0126510978644214
Kainuu,2003,12,1.057814500004018,1.0157343651725212,1.0711656655770567,1.0241897137708913,1.013878396204217
Kainuu,2004,14,1.0741704691920526,1.0203473922763295,1.093824707633459,1.0315539386760815,1.018020721368614
Kainuu,2005,15,1.0797289974968836,1.0218178624603738,1.1015738168753242,1.0338756410201009,1.019298840991855
Kainuu,2006,14,1.0802123024356183,1.0224762053255576,1.1017014419799098,1.0343844995696514,1.0197018772796518
Kainuu,2007,17,1.091045855772299,1.025543630316044,1.1188157842092665,1.0397244371880123,1.0226470381198804
Kainuu,2008,21,1.1076048588779406,1.0294737340373816,1.1345360030469154,1.0455666980651217,1.0260503918975625
Kainuu,2009,21,1.115839046328658,1.031829726500047,1.145048612287905,1.0491234057591148,1.0280758507296994
Kainuu,2010,21,1.1237203918439402,1.0343084377975724,1.155806410788169,1.0529458785295722,1.0302599061800921
Kainuu,2011,20,1.1312048450342789,1.0367067156184782,1.16529201650377,1.0563800930973355,1.0322548041168864
Kainuu,2012,21,1.138385976426807,1.0386685911327442,1.1734139961308803,1.0592531032863948,1.0339209732225063
Kainuu,2013,21,1.145902831321493,1.0412890452392487,1.1830255939048309,1.062999451869861,1.0361325751390826
Kainuu,2014,21,1.1482544667867676,1.0423104596382662,1.1865280913305645,1.064414141766028,1.0369861217353191
Kainuu,2015,19,1.1527070767515895,1.0436343096118403,1.192517465886631,1.0664245835475736,1.0381166354759108
Kainuu,2016,22,1.1668375008371914,1.0472151446689075,1.2104686920605419,1.07197850120975,1.04117325358509
Kainuu,2017,23,1.1699452766240277,1.0481197255504295,1.2172990307465754,1.073945302368819,1.042180162044372
Kainuu,2018,22,1.1672880025986003,1.0475470597125716,1.213018979036554,1.072910352534631,1.0416687703504153
Kainuu,2019,22,1.1775246941660469,1.0507695547031752,1.2265353933490097,1.0777691931687121,1.044464876337847
Kainuu,2020,24,1.1930809451253077,1.0551178617776233,1.2428646055755277,1.0840475619183028,1.0481518553042901
Kainuu,2021,25,1.2256229773253642,1.0652079082134696,1.2832724033698741,1.09943143764379,1.0570895198648689
Kainuu,2022,26,1.2543241640845426,1.0744399309311363,1.314074623410335,1.1124408900143266,1.0649151618360486
Kainuu,2023,31,1.3382830565937605,1.0971358977108394,1.3910934155139507,1.145435090319807,1.0846151539793556
Kainuu,2024,32,1.3950740538175395,1.1128563435183958,1.4467784985877818,1.1686119990356476,1.0982382191265354
Kainuu,2025,34,1.4352699494630377,1.1231891984187887,1.4855942622907359,1.1841086588738077,1.1071806518120606
Kanta-Häme,1990,9,1.0319011051281326,1.008242686791066,1.0341980432215145,1.0121791301766174,1.0071168178830272
Kanta-Häme,1991,12,1.0499736261261616,1.012563847169628,1.0494325415336225,1.017227800167785,1.010122244754506
Kanta-Häme,1992,13,1.0575057804053631,1.0145554650358788,1.053088756466417,1.0188418466367846,1.0112268005392004
Kanta-Häme,1993,13,1.0678185045032067,1.017196989105207,1.062689537443156,1.0222217490158194,1.0132229798836565
Kanta-Häme,1994,14,1.07304858668231,1.0185235558591652,1.067653891399816,1.0240561857793367,1.0143053670203042
Kanta-Häme,1995,14,1.0749389772959461,1.0192405242342975,1.0677396124481173,1.0243583284690794,1.0145852495809398
Kanta-Häme,1996,15,1.0765916693868138,1.019624718314677,1.0694106890107025,1.0248853600251897,1.0148898155677066
Kanta-Häme,1997,15,1.0778524888725238,1.0200601141666235,1.0715551622602484,1.0256081453316737,1.0153004681460134
Kanta-Häme,1998,15,1.0809753767657213,1.0209165981877073,1.0749548287327104,1.0268269313479275,1.01601393454714
Kanta-Häme,1999,14,1.084051277712485,1.021894739941213,1.0790773462235832,1.0282797041069573,1.0168558692040532
Kanta-Häme,2000,14,1.0857277495818,1.0225167231217764,1.0809227500184648,1.0290663645072995,1.0173421302438488
Kanta-Häme,2001,14,1.0907873783232926,1.023857364979579,1.0878571981974219,1.0311938960960831,1.0185158373982726
Kanta-Häme,2002,14,1.0911651737409782,1.0240462951134426,1.0863635606138031,1.0311283076635047,1.0185640416667912
Kanta-Häme,2003,15,1.0928924112218683,1.0244817244440314,1.0881021794764492,1.031612495300572,1.0188492430780078
Kanta-Häme,2004,18,1.1013298056473062,1.026604006492029,1.095904972628289,1.0342225017630131,1.0203883717050086
Kanta-Häme,2005,17,1.106205068135414,1.0281605779858283,1.100240144199012,1.0358285612357032,1.0213835906205369
Kanta-Häme,2006,20,1.1207180359535145,1.0319224664900817,1.1133978224781806,1.0404365606904589,1.0241236856375473
Kanta-Häme,2007,20,1.1293304321821003,1.0344477902460671,1.1203317545019131,1.0431362467843568,1.0258086447269428
Kanta-Häme,2008,22,1.1423855475933646,1.0378603727085844,1.131853913903026,1.0475271101972325,1.0284432810466662
Kanta-Häme,2009,27,1.1541541345290818,1.0405805298894981,1.1439818038276655,1.0514614560033142,1.0306655452542415
Kanta-Häme,2010,30,1.166415769984289,1.043720525816651,1.1531416873767424,1.0551623519279043,1.0329456916732684
Kanta-Häme,2011,34,1.1862445286915901,1.048786049338737,1.1704058279058727,1.0614669717461458,1.0366941168513921
Kanta-Häme,2012,35,1.2142038884941444,1.055942262841384,1.1959155660322358,1.0709077989801252,1.042266023554504
Kanta-Häme,2013,36,1.2393464121888156,1.0625397707753852,1.2211385903101133,1.0795763559378866,1.0472803640172945
Kanta-Häme,2014,38,1.2601622471835041,1.0678702179175246,1.2445730810527704,1.0873001463613978,1.0516147108802114
Kanta-Häme,2015,38,1.2777856456931653,1.0724413684769054,1.2637626758300673,1.0941462268458757,1.055508951472525
Kanta-Häme,2016,38,1.2986021814220223,1.0778470230284296,1.2911145702173237,1.10294447093505,1.0603121063063181
Kanta-Häme,2017,40,1.3133971584734196,1.0819793857968636,1.3087109788626865,1.1089721951548055,1.063703811356659
Kanta-Häme,2018,40,1.3188501108921857,1.0834452271395536,1.3141041766541455,1.1109609498955009,1.0648541581481943
Kanta-Häme,2019,40,1.3333843121246576,1.0871551895317415,1.331289804045211,1.116813152917831,1.0681020123417162
Kanta-Häme,2020,40,1.3497922646161769,1.091517902764457,1.3516636727324791,1.1237361146925726,1.071926167177847
Kanta-Häme,2021,41,1.359234729375438,1.0938857289238428,1.3614576525573576,1.1271636088631354,1.0738605505675696
Kanta-Häme,2022,46,1.3914808118093447,1.1012288433018709,1.3920310565160623,1.1385042408622708,1.0802852967033734
Kanta-Häme,2023,46,1.4657928882354778,1.1203645148896224,1.460775517369172,1.166618257141646,1.0966781901708047
Kanta-Häme,2024,49,1.5383326417287924,1.1395807488331875,1.5225135342638558,1.1939285132953523,1.1129233934267586
Kanta-Häme,2025,52,1.5646261877290846,1.146558793337702,1.5460906172460862,1.2042129960570387,1.1189891131872394
Kymenlaakso,1990,8,1.0772461674448017,1.0244947090048515,1.0932928994532525,1.0355364670678966,1.0211471574978392
Kymenlaakso,1991,13,1.0924686407649915,1.0279661929866581,1.106943168509676,1.0401340813807052,1.0238107733157713
Kymenlaakso,1992,14,1.100459642974026,1.0300700165535754,1.114653801938008,1.0428497201343663,1.0254121528225548
Kymenlaakso,1993,16,1.1085170479374016,1.031806238434597,1.1230285369863027,1.0455534417191839,1.0269148102975327
Kymenlaakso,1994,17,1.1098083442650712,1.0321093931748275,1.1226211157511248,1.0456397687719359,1.0270251812733289
Kymenlaakso,1995,19,1.1162533681483622,1.0337959248291182,1.1299406059407762,1.048297604114808,1.0285485744273042
Kymenlaakso,1996,18,1.1176516380732942,1.0343253614877328,1.1326841435969053,1.0491390075505704,1.0290105858172707
Kymenlaakso,1997,17,1.1231174402949708,1.0363562715031414,1.1393312438591527,1.0518717780912243,1.0306665929853946
Kymenlaakso,1998,18,1.1321917710605287,1.03916436867269,1.1505749034503487,1.056056713349876,1.033106896278989
Kymenlaakso,1999,17,1.1369678787686828,1.0409720925208787,1.1561040303569818,1.058526026938178,1.034631110565856
Kymenlaakso,2000,17,1.144203074809617,1.043493058081041,1.1645588801373088,1.0621351306831754,1.036820798829468
Kymenlaakso,2001,19,1.1598457402615556,1.0480515019073513,1.1819879745525528,1.068680755821076,1.0406612193179139
Kymenlaakso,2002,20,1.168432578053085,1.0508029848185774,1.1927018665354578,1.0729231209167154,1.0431559452386867
Kymenlaakso,2003,23,1.1790176387513915,1.0539369661503928,1.204947275601276,1.0774435114753858,1.0457974782346076
Kymenlaakso,2004,24,1.197253974134667,1.059116893872703,1.2269086057320922,1.0850020165282859,1.0501123913544064
Kymenlaakso,2005,26,1.204669236787442,1.0618113241852114,1.23472949319863,1.0884101185144741,1.0522317394860867
Kymenlaakso,2006,26,1.2163128317249374,1.0658663889376652,1.2471198173877793,1.0937514346777704,1.0555006014836281
Kymenlaakso,2007,26,1.2355685807911505,1.0719795647692438,1.266292019174107,1.1017531913699259,1.060353115114294
Kymenlaakso,2008,30,1.2672370016619878,1.0813527100956832,1.300183041372558,1.1150962925412427,1.0682369329700803
Kymenlaakso,2009,31,1.289343983765385,1.0885854899095653,1.3229462968975627,1.1247563645367271,1.074102296613432
Kymenlaakso,2010,34,1.3164368329536522,1.0966050022457734,1.3503776362223339,1.1356098403398318,1.0805519915712591
Kymenlaakso,2011,34,1.3412179969836244,1.1044107111053223,1.3751169075108447,1.1460076766972755,1.086843143428863
Kymenlaakso,2012,38,1.3730050289474747,1.114299933592913,1.4049852404634142,1.158693087596975,1.0945624887534366
Kymenlaakso,2013,38,1.3966424972377502,1.1218007299146042,1.4270932468014579,1.1683400221575617,1.1004472469110589
Kymenlaakso,2014,41,1.4219481084189698,1.1291242886183817,1.4505939635838565,1.1781322604867275,1.1063297847028335
Kymenlaakso,2015,39,1.436238636326915,1.133678066736519,1.4660995322387156,1.184786573473774,1.1102988829264075
Kymenlaakso,2016,43,1.465892199027202,1.1422657371978842,1.4983824496809253,1.1975636985207858,1.11773233816545
Kymenlaakso,2017,44,1.4655825522036265,1.141590284334471,1.4982168822452981,1.1970217929421991,1.117284344446792
Kymenlaakso,2018,40,1.4654274351469974,1.141951029707623,1.4984049574732778,1.1975315537600246,1.1176686339136384
Kymenlaakso,2019,41,1.4706221335595642,1.1429928025539429,1.503123561601973,1.199530320060059,1.1188139561852164
Kymenlaakso,2020,41,1.4815272173049656,1.1460096323774784,1.5145654174688348,1.2040630311970362,1.1214183418139112
Kymenlaakso,2021,42,1.487551882505104,1.1477506799474562,1.5192523665225641,1.206496796738998,1.1229546891820277
Kymenlaakso,2022,44,1.5036907880751935,1.1524743000149351,1.533239423517439,1.2128914010558403,1.1268524422116961
Kymenlaakso,2023,48,1.5732831939315421,1.1713366048044351,1.5879653424012796,1.2388589063803317,1.1427040155944215
Kymenlaakso,2024,47,1.6218752462471935,1.184851354562462,1.6263119254167613,1.257301075438109,1.153974061250253
Kymenlaakso,2025,49,1.6635642627480858,1.1951263211212868,1.6589353055371878,1.2719252291988912,1.1626289230005338
Lapland,1990,10,1.065256061562368,1.0200051971280963,1.0488375719183964,1.0237507227330997,1.0157760644619847
Lapland,1991,11,1.07219686571039,1.021550904306725,1.0550869280643667,1.0259165095461962,1.017032933461563
Lapland,1992,10,1.0757577700767766,1.0224206431108178,1.0590060423663294,1.027238476235339,1.017783337838612
Lapland,1993,14,1.0840126815151208,1.024202594159729,1.0682402472356152,1.0302086062326945,1.019429996585188
Lapland,1994,17,1.08872668236767,1.0251376573311826,1.0731868268255573,1.0317167583521818,1.020256041107753
Lapland,1995,16,1.0907157010614137,1.0256844593907049,1.0749552840891408,1.0324725549804923,1.0207180789897021
Lapland,1996,16,1.0966912763839276,1.0271362281801575,1.0829136993670976,1.0349170118992572,1.022055265667527
Lapland,1997,16,1.0962998384279932,1.0270479650396453,1.0824610583751422,1.0347654336744367,1.0219728961340961
Lapland,1998,17,1.095973028781838,1.026879871407082,1.082456224261231,1.0346577707104285,1.021874667976933
Lapland,1999,17,1.1014578395336998,1.0283156617786204,1.0905669691239257,1.0369233307226062,1.0230964744365485
Lapland,2000,15,1.1031417403844948,1.028985319868761,1.0921121461412848,1.0377539254850294,1.0236458394065893
Lapland,2001,17,1.1053540662353478,1.0295572201533563,1.0947248330416632,1.038640518463064,1.0241472128634475
Lapland,2002,17,1.1070897357616085,1.0299818150291173,1.096809149392603,1.0393235753781842,1.0245298055269432
Lapland,2003,19,1.1113524204855272,1.0308872744945514,1.1015218279046073,1.0408699420514798,1.0253726072845053
Lapland,2004,21,1.1206291556386216,1.0331634545930009,1.110614620472557,1.04410109638095,1.0272600175909272
Lapland,2005,22,1.1252256829255032,1.0344174456495139,1.1163338317320803,1.0460058904086185,1.028342944701542
Lapland,2006,22,1.127466877265477,1.035120987385243,1.119233635687235,1.047047568764977,1.0289504688290538
Lapland,2007,24,1.1355716198151768,1.0369858178222318,1.126927751283206,1.0498114961244842,1.0305480545233632
Lapland,2008,28,1.1483069626927918,1.0398847211135174,1.1399083993323167,1.0541398131975501,1.0330045160645969
Lapland,2009,27,1.1564853396491306,1.0419040696831476,1.150912900266405,1.0575943318504821,1.0348863937485604
Lapland,2010,28,1.1691498426353313,1.0451807541356646,1.1644809321925105,1.0621975754233015,1.037544885256134
Lapland,2011,30,1.1804932508599582,1.0480643803898868,1.1757002575020405,1.0663681364035047,1.0399871258687483
Lapland,2012,32,1.1875176907795788,1.049910725817953,1.1828209071833582,1.0690178084235997,1.041538395904834
Lapland,2013,34,1.20000760767395,1.0533513317941934,1.1973622806989204,1.0741075120037133,1.0444628257826594
Lapland,2014,33,1.2094957598308875,1.0559784916068495,1.21050084934169,1.078298744989026,1.0467739429095462
Lapland,2015,31,1.2161557389509914,1.057716059503522,1.2173467861419363,1.080776858620923,1.0482107045328595
Lapland,2016,32,1.2322549968423646,1.0619023061834219,1.2375974157805354,1.0873176779999965,1.0518307628900707
Lapland,2017,33,1.2417248532124434,1.0642966120660353,1.2488926205624584,1.091011969222693,1.053883290108488
Lapland,2018,35,1.252307008735949,1.0669731088950172,1.2616961996056413,1.0952607075576433,1.056237907972881
Lapland,2019,39,1.2582094846132166,1.0682973757448668,1.2659007770506256,1.096996896636637,1.057288830349786
Lapland,2020,37,1.2608845117970338,1.0689926988352068,1.2670747723471947,1.0978727654299059,1.0578609631029836
Lapland,2021,42,1.272803383888853,1.0714978423823465,1.2787010784144035,1.1017947171099693,1.0600451260226025
Lapland,2022,41,1.2955805643276501,1.0770768052828685,1.3041274653478603,1.1107798272329787,1.0650904174585805
Lapland,2023,44,1.35499254483593,1.091837805631381,1.3631996350554,1.1331069405770615,1.0778802268710128
Lapland,2024,48,1.4171056145848735,1.1078583620513844,1.4245759907869602,1.1571895359755684,1.0917756382573547
Lapland,2025,48,1.4539442297026814,1.1168516071472419,1.4556391733790293,1.1701734933193706,1.0993808641305125
North Karelia,1990,8,1.0119749555329118,1.0025222622873822,1.0115814611547267,1.0039041693557014,1.002238127514003
North Karelia,1991,13,1.0250861947780203,1.0055261659634214,1.0250902328506977,1.0083938843475286,1.004805808298934
North Karelia,1992,12,1.0306376409286375,1.0070052451914313,1.0308327155319599,1.010482419644749,1.0060421902393653
North Karelia,1993,17,1.0440040299368163,1.0101637380167485,1.0438971821121694,1.0151102438040918,1.008738811712867
North Karelia,1994,17,1.0473058912198647,1.011176139399849,1.0478152376548044,1.0166721573613984,1.0096682490762496
North Karelia,1995,15,1.0502593197710666,1.0123236916613094,1.0502363871854596,1.0179871535521818,1.0105395164815538
North Karelia,1996,15,1.0540166469875065,1.0135858395601716,1.0548660086213413,1.0198294178138207,1.0116457836715569
North Karelia,1997,16,1.0550879948579632,1.0139702517899634,1.0568829218770226,1.020469210900287,1.0119985336326465
North Karelia,1998,15,1.0570412994476595,1.0148794241885541,1.0613153098257515,1.021939086847137,1.0128181574799944
North Karelia,1999,15,1.059712226227112,1.0159720338282054,1.0649611925120308,1.023394346739137,1.0136979059236018
North Karelia,2000,14,1.0638182314218345,1.0176220695831633,1.0713803513004094,1.02577401481586,1.0150980281953061
North Karelia,2001,15,1.070792683083633,1.0199554643929174,1.0809098087933093,1.029279347430645,1.0171481930208002
North Karelia,2002,18,1.0761260988669046,1.0217676227237733,1.0879864308749307,1.032013163209079,1.0187643460953317
North Karelia,2003,17,1.0773753771903496,1.022528089898395,1.0915315692386398,1.033344850815429,1.0195339996448347
North Karelia,2004,20,1.0846311220270306,1.024705369974994,1.1005311923916745,1.0366732252511393,1.0214822394370837
North Karelia,2005,19,1.0916463407495398,1.0271947562358588,1.1103757306385347,1.0403478957946977,1.0236400820060774
North Karelia,2006,20,1.0994387562395964,1.0298034555021411,1.1189234124005758,1.0438266755078722,1.0257590627578916
North Karelia,2007,22,1.1092010459243478,1.032516707127805,1.129796629145833,1.047797353941675,1.028081844488704
North Karelia,2008,22,1.1186722417131612,1.0356663076607073,1.142340274549067,1.052487960519152,1.0308294577186667
North Karelia,2009,25,1.13278649057814,1.0395726859100487,1.159156624847246,1.0583981594014191,1.0342273984678103
North Karelia,2010,25,1.146807367004784,1.043696872743037,1.1772762549744102,1.0648039956645676,1.0378918709295875
North Karelia,2011,27,1.160422624084086,1.0478799754203802,1.1932630183634827,1.0707313237913996,1.0413646535144172
North Karelia,2012,26,1.1735122060407697,1.051808326977764,1.2076841440096997,1.0762120616390785,1.044603555019613
North Karelia,2013,28,1.190090829621972,1.0569635971136464,1.2277059561763148,1.0839572502833958,1.0491497732248976
North Karelia,2014,29,1.203859926624304,1.061114196375373,1.2440000903775579,1.090095123498645,1.0527290646748078
North Karelia,2015,30,1.2084026389562712,1.0622610325093813,1.2485153279247676,1.0919105981917652,1.0538152503142664
North Karelia,2016,35,1.227317519634773,1.0674881269302459,1.2720151902438521,1.1000899923802896,1.0584690069855085
North Karelia,2017,34,1.2317260703939261,1.068966494890003,1.2800979282304903,1.1026411796852886,1.0598606078855495
North Karelia,2018,37,1.2346893933002088,1.0700594377418473,1.2810485269225733,1.1039569107440408,1.0608081664760411
North Karelia,2019,38,1.2455342002292218,1.0734189843624935,1.292417912514475,1.1087782277777427,1.0637195926429919
North Karelia,2020,40,1.2560668807072934,1.077098728189223,1.3061671692447443,1.114228863016558,1.066944340072164
North Karelia,2021,42,1.2774307123488515,1.0841040438098979,1.3299978512687152,1.1243629400329405,1.0730512716557243
North Karelia,2022,45,1.3120062948123565,1.094953233797718,1.3666175062535517,1.1399306795252624,1.0824168504387224
North Karelia,2023,44,1.3775830991602351,1.1135103544142717,1.4316843435713256,1.1672415390976592,1.098626668036455
North Karelia,2024,48,1.4513936351231802,1.1319770558601765,1.4946281393450382,1.1940901837149354,1.114470522639438
North Karelia,2025,51,1.499212650915593,1.143125999096412,1.5325782364806493,1.2102917407704334,1.123971155380025
North Ostrobothnia,1990,15,1.0212519199578025,1.0046842520017805,1.0205279613565763,1.0070564427994035,1.0040812142687008
North Ostrobothnia,1991,19,1.027995375001849,1.0061011504606605,1.0263871412653032,1.0090809641433267,1.0052576121246521
North Ostrobothnia,1992,22,1.0337588967167193,1.0073654918650787,1.0318918693522507,1.0108598326177407,1.006278525554622
North Ostrobothnia,1993,23,1.03914191143049,1.0085587097698385,1.0370461508468,1.0126349785010496,1.0073042811380086
North Ostrobothnia,1994,23,1.040800094918538,1.008942485340953,1.039144175986433,1.01324187125701,1.0076340330577134
North Ostrobothnia,1995,24,1.041449067399077,1.0090499021740322,1.039390494176463,1.0133751102160105,1.0077233125594192
North Ostrobothnia,1996,25,1.0439805228862002,1.009610251469794,1.042889040269581,1.0143550836701338,1.0082452013088599
North Ostrobothnia,1997,27,1.0476047610461727,1.0104711349465139,1.0468927995339705,1.0156891767703424,1.0090061817377955
North Ostrobothnia,1998,26,1.0504944814906745,1.0112296655005693,1.0508749000386302,1.0170086465611765,1.009740227380254
North Ostrobothnia,1999,27,1.0553928178209295,1.0124421940332335,1.05650494739281,1.0188975797854076,1.0108163811844448
North Ostrobothnia,2000,28,1.0611251149976624,1.0139294068770242,1.0626267545911128,1.021023669090167,1.012052790327439
North Ostrobothnia,2001,29,1.0660449889715653,1.0151191847559868,1.0683242657649272,1.0229611671983663,1.0131517334787967
North Ostrobothnia,2002,31,1.071004281842765,1.0163864008898116,1.07442479612104,1.024948691229633,1.014269197924431
North Ostrobothnia,2003,33,1.0729030443225696,1.016694022604063,1.0765531531294323,1.0255021271789284,1.014555782478252
North Ostrobothnia,2004,32,1.076797102048955,1.0177913128507834,1.081720275058036,1.0272297545523226,1.0155352561712396
North Ostrobothnia,2005,37,1.0845999273048577,1.019556119068027,1.0889994433203345,1.0296942433716891,1.0169593547994518
North Ostrobothnia,2006,39,1.0910572478224012,1.0211196366876345,1.0959565065020287,1.0320977182155415,1.018331729209856
North Ostrobothnia,2007,43,1.0992953843668705,1.0229329585136049,1.1041035924819633,1.0348119262035922,1.0198814402183918
North Ostrobothnia,2008,41,1.105542121985396,1.0245574711096748,1.110611932334067,1.0372072710442812,1.0212818824555119
North Ostrobothnia,2009,43,1.1168891433759611,1.0272422771921128,1.1242496039024632,1.0414637200273456,1.023638802031557
North Ostrobothnia,2010,45,1.127815104206895,1.0299010781531213,1.1366454689545682,1.0455018767976445,1.0259101220246094
North Ostrobothnia,2011,50,1.1410037375455688,1.0329676886605996,1.149770057350983,1.0500712374031327,1.0285362317687774
North Ostrobothnia,2012,51,1.1494809890513045,1.0349800678928476,1.1600161307630616,1.0533768306755893,1.0303632713935813
North Ostrobothnia,2013,56,1.1650111008903121,1.0385959766442079,1.1756664613898933,1.0587559400775837,1.0334326901653448
North Ostrobothnia,2014,57,1.1762561181659432,1.041252822250546,1.187879479925305,1.062975989345297,1.0358197363277093
North Ostrobothnia,2015,60,1.187336205149276,1.0437924236845244,1.2000852108136721,1.067049406750015,1.0380897599848506
North Ostrobothnia,2016,59,1.2073332661244696,1.0486523144399706,1.2243206462098646,1.0749202629679613,1.0424356618666908
North Ostrobothnia,2017,59,1.2190431097242767,1.0516454348086388,1.2379923212462032,1.0795574288978758,1.0450394851322868
North Ostrobothnia,2018,60,1.2306742842052478,1.0544993080156013,1.2511762773202764,1.0840361561951077,1.0475482766973623
North Ostrobothnia,2019,61,1.2438872198372988,1.0577222104165669,1.265846570948094,1.0891491546110297,1.0504155649549447
North Ostrobothnia,2020,62,1.2545075261398135,1.0602979479217849,1.2765817867165428,1.0931027902810775,1.0526782999405733
North Ostrobothnia,2021,65,1.27493469879477,1.0652707511997053,1.2974073407642854,1.1007772555687434,1.0570546427128953
North Ostrobothnia,2022,69,1.3006907590841692,1.071378398762484,1.3234691828521705,1.1102277894913306,1.0624086095768666
North Ostrobothnia,2023,71,1.3569313458283376,1.0851871931570911,1.3770997567748997,1.13105486325289,1.0744248652039285
North Ostrobothnia,2024,73,1.386237029309769,1.0922862250281025,1.4052596018381698,1.1418359567781469,1.0805911471781604
North Ostrobothnia,2025,74,1.410342557558751,1.0981102281036572,1.4286650858691672,1.1508069940771255,1.085696251057535
North Savo,1990,8,1.014373469345356,1.003172648922638,1.0141004090575494,1.0047694886579916,1.0027458346422453
North Savo,1991,11,1.0255031254504656,1.005723064801397,1.0231402771812679,1.0079423779605243,1.0046398989370333
North Savo,1992,12,1.0338579369485354,1.0078125083085772,1.0311781977468124,1.0106474781930586,1.00622972974112
North Savo,1993,16,1.0432309991065818,1.0099379197774112,1.0412541068189147,1.0139843514356648,1.008125985802037
North Savo,1994,16,1.0463053143688013,1.0107250854068142,1.0445582229995836,1.0151286159917239,1.008787867364465
North Savo,1995,15,1.0465887649827026,1.0108263627575544,1.0457242023071305,1.0154648489812594,1.0089572458544487
North Savo,1996,17,1.0510725725127446,1.011986702525204,1.0518557778351982,1.0172811383815437,1.0099575428460394
North Savo,1997,18,1.0540687850875814,1.012807375392394,1.0570010431738444,1.0187929553074215,1.0107674526426995
North Savo,1998,18,1.0573378336400874,1.0137566850138475,1.061677287582241,1.020205115495361,1.0115547561755907
North Savo,1999,18,1.058338850226089,1.0141092806848857,1.0646730664560031,1.0209718814691986,1.0119396030953116
North Savo,2000,18,1.056599402095966,1.0137774987002717,1.0640820977650107,1.0207281148998468,1.011773855047093
North Savo,2001,18,1.0588706930012581,1.01440762883935,1.0666168577262887,1.0217185087309004,1.0123541547155592
North Savo,2002,18,1.0613114617996389,1.0151339984084213,1.0689046647226284,1.0226734585503017,1.012936679348999
North Savo,2003,20,1.0644554434207396,1.015943833408008,1.0709474161042096,1.0236328604096079,1.0135451315157713
North Savo,2004,20,1.0671700386438698,1.0167016905926873,1.0735299100956137,1.0245628237158895,1.014102993977472
North Savo,2005,21,1.072069782284509,1.0180811334490016,1.077774363602345,1.0261993033971881,1.0151080854836476
North Savo,2006,21,1.0776384860577726,1.0196461012407843,1.0837766429216391,1.0283740610946779,1.0163873890866784
North Savo,2007,23,1.0849620968561007,1.021545288193457,1.0907549018853722,1.030799064799818,1.0178188874737606
North Savo,2008,25,1.0959083602760733,1.0243786407447575,1.1033930058657988,1.03507709145672,1.0202558947188514
North Savo,2009,26,1.1031422436778477,1.0263221033203809,1.1108435844678695,1.0377497911084053,1.0218214876702818
North Savo,2010,28,1.1136729558202905,1.0291925597132416,1.1224875221935575,1.041817328450893,1.0241786925895597
North Savo,2011,34,1.1261751224804424,1.0325071283835536,1.1342228070578733,1.0461660966344577,1.0267688518952853
North Savo,2012,35,1.1407310815584475,1.0366822185440145,1.148971150979448,1.051716955858029,1.0300694426003687
North Savo,2013,37,1.1523717350398381,1.0395429142354007,1.1618325071418818,1.0559886891429948,1.0324880085185901
North Savo,2014,39,1.1678759562441827,1.0435285811255095,1.1796192640893843,1.062074693968871,1.035943231830703
North Savo,2015,42,1.1804321080941764,1.0467534707206154,1.1933943463201293,1.0668547032746625,1.0386785959977365
North Savo,2016,43,1.1954965154163413,1.0508704053491609,1.213550158447199,1.0734855169950828,1.042363534943405
North Savo,2017,41,1.203486302880226,1.053105955354876,1.2267527144112291,1.0773992382399018,1.0444389145516517
North Savo,2018,44,1.2146423976235972,1.0556882405020394,1.2391659310758714,1.0816411527038212,1.0468074097980884
North Savo,2019,46,1.2205232141795812,1.0572445792906204,1.2480880979370859,1.0843719769629228,1.0482717070547203
North Savo,2020,46,1.232435223698866,1.06046255541488,1.2615304676547487,1.089355243117869,1.051125206568486
North Savo,2021,49,1.2505290469648462,1.0647897267665936,1.2798528196014078,1.0961295482570468,1.0549951094040055
North Savo,2022,53,1.2739755047335863,1.0705820081340804,1.3044812647631208,1.1050873492183797,1.0600950864874241
North Savo,2023,57,1.3373563350960709,1.0875336891946625,1.3674150787760804,1.1302887201500815,1.0748218764204132
North Savo,2024,55,1.39431244436896,1.103364051293748,1.426522124319979,1.1539941288124242,1.0886011921083107
North Savo,2025,57,1.4294105081023545,1.1122482728114131,1.4587211060195922,1.1672921880577356,1.0963517998178036
Ostrobothnia,1990,9,2.020784982791689,1.9822008218732592,1.7992526111287512,1.7833878011301287,1.7734540702489534
Ostrobothnia,1991,13,2.041184981674,1.9878722918491778,1.8105171272366636,1.7888896550773288,1.7773485741645718
Ostrobothnia,1992,20,2.0665414765786005,1.994559526829083,1.8249530119326984,1.795659157672289,1.7821061436756185
Ostrobothnia,1993,21,2.091283780047718,2.0019668077667263,1.8406491665330655,1.803304901410906,1.7874389422047041
Ostrobothnia,1994,21,2.1045200511098026,2.0058779734971828,1.8486967687962366,1.8070866182700946,1.7900773848354616
Ostrobothnia,1995,21,2.1205873956743235,2.011239839045305,1.8588554311453067,1.8120015302404573,1.793729787832259
Ostrobothnia,1996,21,2.125750048387977,2.0134460017581333,1.861333596468167,1.8136624267367119,1.7952092735882688
Ostrobothnia,1997,22,2.1382916443133038,2.017603841778333,1.8706610573532148,1.8178062164492301,1.7981659206251999
Ostrobothnia,1998,23,2.1464536305807993,2.0208992226616336,1.8732474786864353,1.8198111699516515,1.800097261615193
Ostrobothnia,1999,24,2.1584455758697985,2.024485952455849,1.883065291140291,1.8239465030614912,1.80274892076429
Ostrobothnia,2000,23,2.168452140340003,2.0283498279567422,1.889597140432388,1.8274817906259746,1.8053790349019012
Ostrobothnia,2001,25,2.1940580299171164,2.0363304631675168,1.9079364836856627,1.836012053085169,1.8112204798580291
Ostrobothnia,2002,26,2.198233622067988,2.036914237636557,1.9081327156681123,1.836207521649482,1.8114436146486657
Ostrobothnia,2003,27,2.215204169969436,2.0417133416119873,1.9186648227875025,1.8412306386384654,1.8148044467006146
Ostrobothnia,2004,29,2.2368568985597537,2.047322107125339,1.9324871331280824,1.8473038599348117,1.81861828206446
Ostrobothnia,2005,33,2.2673479647902077,2.0553143808103624,1.949899803139378,1.8557360062412018,1.8240393577378773
Ostrobothnia,2006,41,2.3100450992575614,2.066825810416168,1.972798266264221,1.8669691969212938,1.831713325599885
Ostrobothnia,2007,44,2.3508306363025873,2.0780431349686586,1.9961891357211883,1.8785849260056409,1.8394497262012752
Ostrobothnia,2008,44,2.4099911307569704,2.095315055073325,2.029272478567423,1.8955551487689484,1.8509678578010955
Ostrobothnia,2009,47,2.461133443395133,2.109957130815889,2.0585935647958116,1.9102058882795396,1.8608721000403452
Ostrobothnia,2010,49,2.5057021466792326,2.122362800570167,2.0878058924604663,1.9237737718530625,1.8694797300235466
Ostrobothnia,2011,50,2.5819743168234757,2.1444728622535174,2.1335144649316327,1.9465429731612862,1.884626351771687
Ostrobothnia,2012,55,2.635810196381661,2.159812949770805,2.1633649815149436,1.9620875218956142,1.8951085867114392
Ostrobothnia,2013,58,2.6956734973953607,2.1764380432925368,2.190539935115983,1.9772437411589858,1.9055757565365092
Ostrobothnia,2014,59,2.743886248059618,2.1906366497521605,2.2167971545315366,1.9912204988712565,1.9150159386162402
Ostrobothnia,2015,62,2.806308948596791,2.2091905231850872,2.250638286762548,2.0095634815247054,1.9274891281530304
Ostrobothnia,2016,59,2.8442786124366912,2.2210801675114515,2.278025506234649,2.02308052731198,1.9359941723930902
Ostrobothnia,2017,57,2.89559046615478,2.23708109787843,2.316243757927996,2.0416505939038436,1.9473541342277607
Ostrobothnia,2018,59,2.9382650329406395,2.2493092393642082,2.3405280931711236,2.0545650860524347,1.9557944135448955
Ostrobothnia,2019,59,2.9740066365026365,2.2600359727458437,2.364059782048644,2.0668810786754017,1.9635980284625636
Ostrobothnia,2020,60,3.008254803132825,2.270745570588622,2.380432748044026,2.077290482499931,1.9705455918916588
Ostrobothnia,2021,60,3.059266083252804,2.284571292096087,2.40521736458604,2.0912325778581224,1.979503641399549
Ostrobothnia,2022,65,3.1749439875132186,2.315110747361521,2.4580093324508803,2.1210945324010853,1.9993208585938969
Ostrobothnia,2023,65,3.373011095170468,2.376799319769968,2.5493949542054186,2.178120438361858,2.038831554005286
Ostrobothnia,2024,68,3.5399996339012407,2.4265177124171697,2.619389404543407,2.223014127873431,2.0703069349861525
Ostrobothnia,2025,70,3.669032451979643,2.4648654972766266,2.67355027934591,2.258254134874074,2.094916332413404
Pirkanmaa,1990,20,1.0487986319912292,1.0122851455529804,1.051811364612995,1.0183621970448595,1.0106912111840163
Pirkanmaa,1991,23,1.0575376408723176,1.0142182176953525,1.0593558372680412,1.0208974473450432,1.0121741314342712
Pirkanmaa,1992,29,1.065741714384204,1.0160448965072004,1.0662466724426345,1.0232475530699983,1.0135547721509859
Pirkanmaa,1993,30,1.075660872737455,1.0183970974928853,1.0770484605728425,1.0267362787022019,1.015530149832134
Pirkanmaa,1994,28,1.0806159641698607,1.019663723043327,1.082054875777791,1.0284698811704394,1.0165416785856063
Pirkanmaa,1995,30,1.0909513708704792,1.022168510801129,1.0943583008876034,1.0323512383343114,1.018710414012569
Pirkanmaa,1996,36,1.0993225954893275,1.024132852053827,1.103432957445115,1.0354227282151847,1.0204569842488294
Pirkanmaa,1997,38,1.1087703453393103,1.0264797774225278,1.114833278386769,1.0390808201820823,1.0225058221748824
Pirkanmaa,1998,41,1.1178272691177527,1.0287032977574158,1.1253640880989346,1.042537169928032,1.024453317419291
Pirkanmaa,1999,42,1.1252530137148808,1.03048494689831,1.1337090010733009,1.0452782532010785,1.025996326773163
Pirkanmaa,2000,46,1.1349021027754855,1.0328595267626293,1.1441847751865082,1.0487921490374807,1.0279966708296657
Pirkanmaa,2001,48,1.14431909865419,1.0353054236657315,1.154019081143879,1.052257191695456,1.030002229478051
Pirkanmaa,2002,50,1.1549205715489181,1.0378459922409935,1.1658930668369496,1.0561513995770209,1.0321792205268319
Pirkanmaa,2003,54,1.165654286106622,1.0404168996476113,1.17674104955183,1.0598653238692994,1.0343050467311974
Pirkanmaa,2004,59,1.1833516352785909,1.044640739249368,1.1969703367731248,1.0663961617404027,1.0379420361519307
Pirkanmaa,2005,60,1.1953550545444138,1.0476268585590165,1.208965109882998,1.0705984219620452,1.040360185792286
Pirkanmaa,2006,61,1.208945774195641,1.0510748519094268,1.221896642301359,1.075299800440267,1.0431023159727424
Pirkanmaa,2007,60,1.2267655645676265,1.0556084542334754,1.2403841764371306,1.0818406794974686,1.046849762745166
Pirkanmaa,2008,64,1.243110113582976,1.0597459396024043,1.2569245840922907,1.087755623483066,1.0502498136758167
Pirkanmaa,2009,64,1.2570160301471864,1.0633630331822437,1.2712889001721375,1.0928359351846981,1.0531658206986545
Pirkanmaa,2010,66,1.276987678249398,1.0682848415120338,1.2912596525543527,1.0999340196340324,1.0572205310833824
Pirkanmaa,2011,66,1.2955715883841123,1.073222008091563,1.3107757033707503,1.1067636131034335,1.061121097078746
Pirkanmaa,2012,68,1.3134192897843793,1.0777672090040784,1.3288350060169556,1.1131958725349056,1.0647982239959703
Pirkanmaa,2013,69,1.335084482656324,1.0832533632655477,1.3511502797328034,1.1211192657494287,1.069296030088111
Pirkanmaa,2014,70,1.3529567250368626,1.0876060975333044,1.368661892917785,1.1274570677873166,1.0728982219751086
Pirkanmaa,2015,70,1.3668521092566899,1.0911647942018357,1.3837763837202428,1.132979578991613,1.0760093024438129
Pirkanmaa,2016,72,1.3890862639651715,1.0968068061447982,1.4099327887528215,1.1419905417361162,1.0809795625884495
Pirkanmaa,2017,74,1.4066257369721156,1.1013417087096729,1.4318292416470915,1.1495079514064415,1.0850883386151011
Pirkanmaa,2018,74,1.4212292959829929,1.1049879756579353,1.4479784407439789,1.15525306007118,1.0882785379852167
Pirkanmaa,2019,76,1.4398721669417451,1.1094646552928753,1.4667645964991125,1.1622891303918652,1.0922347692256504
Pirkanmaa,2020,78,1.4507072490171717,1.1121967351775477,1.4802347019842295,1.166957943068877,1.094770492776628
Pirkanmaa,2021,77,1.4755013263452406,1.1182578960734264,1.504252549943358,1.1761715411263272,1.0999869042693153
Pirkanmaa,2022,82,1.528959279909674,1.1309497468308518,1.5530998252010295,1.195432564679049,1.1109500883975985
Pirkanmaa,2023,86,1.6082234829900064,1.1499155875444875,1.6187183144391664,1.2234688874281818,1.1272304516238505
Pirkanmaa,2024,86,1.6731024556372245,1.1655408351498548,1.6728873033634253,1.246860649844713,1.1407585755472252
Pirkanmaa,2025,87,1.7069632121002167,1.1737503326925176,1.701214331289246,1.2592233830344164,1.1478972251795492
Päijät-Häme,1990,15,1.0391513998899884,1.0096299834047617,1.042028550010372,1.0144606425553808,1.008361200867567
Päijät-Häme,1991,17,1.055759368915496,1.0136600692704067,1.055615481956959,1.019319421568922,1.0112817472690905
Päijät-Häme,1992,18,1.065223307515322,1.0163935897131668,1.063937058036028,1.0224997699761555,1.013234163487068
Päijät-Häme,1993,20,1.0743457301447188,1.0187345750292682,1.0738009185939408,1.0257860853995011,1.015126275268664
Päijät-Häme,1994,20,1.0789823213820375,1.0201014476020032,1.0783083935854738,1.0275149154222758,1.0161708665780667
Päijät-Häme,1995,21,1.0862037166881098,1.0220846281100384,1.0872947728429023,1.03041892613003,1.01782059577458
Päijät-Häme,1996,23,1.0941859396993645,1.0243247463962097,1.09733100371655,1.0338410261860005,1.0197799527853297
Päijät-Häme,1997,24,1.1049410621872295,1.0274229478276338,1.1117663500084924,1.0387132264324364,1.0225434526389825
Päijät-Häme,1998,23,1.1133634207680725,1.0301291929950867,1.1239207212675835,1.0429370074533597,1.0249614209836113
Päijät-Häme,1999,22,1.1200048542100083,1.0323864077331892,1.1323892367308688,1.0460849921575537,1.0268193384030584
Päijät-Häme,2000,24,1.1273590566609115,1.0347437790642389,1.1419393685329307,1.0495458156951458,1.0288359097247821
Päijät-Häme,2001,26,1.1356839469970876,1.0372048110587389,1.1509911521692415,1.0530487435792493,1.0309153973244596
Päijät-Häme,2002,28,1.1440559744766345,1.0398243508991922,1.1620164971958005,1.05696854546865,1.033176377890714
Päijät-Häme,2003,28,1.1486520923131605,1.0411665644454202,1.1676673714007233,1.058922399187613,1.0342977283242625
Päijät-Häme,2004,28,1.1597997920613556,1.0443499803020768,1.1790924159779475,1.062954324285186,1.0366718993285842
Päijät-Häme,2005,28,1.168410579171498,1.0469652741139457,1.187709827801503,1.0662147907337287,1.0386296488559825
Päijät-Häme,2006,28,1.177361470192091,1.0495733474375137,1.1958245401316714,1.0693271751481999,1.0405170640914412
Päijät-Häme,2007,30,1.1893076617636065,1.052922999754698,1.2082560488628111,1.0738025766379238,1.0431395743200365
Päijät-Häme,2008,32,1.2040467965989772,1.0573159646630188,1.2237791774229483,1.0795300219825767,1.046531599693022
Päijät-Häme,2009,33,1.2214357502096775,1.0624071391385281,1.2411613812490365,1.0860991345924795,1.0504343693364153
Päijät-Häme,2010,35,1.2367898258249008,1.0669383956797849,1.257392847170447,1.0919786509175413,1.053892903144635
Päijät-Häme,2011,37,1.2537847578198633,1.0720488853746122,1.2725319355405023,1.098218703541749,1.0576998277193121
Päijät-Häme,2012,40,1.2747855934792023,1.078291077261215,1.2909663181816218,1.1056680160841448,1.062243620169694
Päijät-Häme,2013,39,1.2873124641297926,1.082311814998537,1.3041816250102038,1.1107880867711495,1.0653011760609368
Päijät-Häme,2014,40,1.3021307155623483,1.0869621559756817,1.319314130124741,1.116688807366076,1.0688254937831625
Päijät-Häme,2015,42,1.3175827874084511,1.0912115674425198,1.333644026348603,1.1222559423056926,1.072119096635755
Päijät-Häme,2016,48,1.3528540158477258,1.1002910659044747,1.3776666503323258,1.1369781813250954,1.0802023415589115
Päijät-Häme,2017,47,1.3740746714289387,1.1064070940564028,1.4070072397846463,1.1468233262417582,1.085592240850827
Päijät-Häme,2018,47,1.3946186232983597,1.1121910604771144,1.431189860704912,1.1555823113854575,1.0905231153591748
Päijät-Häme,2019,50,1.417682983632371,1.1180602201666203,1.4544859927024112,1.164336423901159,1.095501677336671
Päijät-Häme,2020,50,1.4348202678927837,1.1227188499900838,1.4715603151869903,1.171021307752511,1.0993562802015582
Päijät-Häme,2021,50,1.4565028681734677,1.1286300825414692,1.4937587136004753,1.1796894046301087,1.1043362231784861
Päijät-Häme,2022,52,1.4908600298712855,1.1374331786212328,1.5249420806996572,1.1924227835496288,1.1117301249294864
Päijät-Häme,2023,56,1.5688081783035928,1.1567601806475707,1.5889588534114207,1.220240102299689,1.1280933441495578
Päijät-Häme,2024,59,1.6446895989644283,1.1758533269502665,1.6512873767037524,1.2477921157860197,1.1442790323278775
Päijät-Häme,2025,59,1.701180938740378,1.189909087729227,1.6990971280159186,1.2685045027596358,1.1563040305796333
Satakunta,1990,9,1.032029550394622,1.0086424976304333,1.0343089841525899,1.012642323204273,1.0074582696841443
Satakunta,1991,11,1.040602278236075,1.0106281626393125,1.0408409238907,1.0150365828595607,1.0089065177435796
Satakunta,1992,10,1.0451135175599644,1.0118902395272362,1.0447532676350462,1.0165304034745164,1.0098211765004041
Satakunta,1993,12,1.0480832510458757,1.0125961501986913,1.046834227608949,1.0172607162321987,1.010271408188074
Satakunta,1994,13,1.0493480632829266,1.0129717938456515,1.0481714090690835,1.0177640993162507,1.010573470323044
Satakunta,1995,13,1.0513494663800054,1.0134853646081454,1.0508035072659248,1.0186656105385692,1.011079507973992
Satakunta,1996,14,1.0525885119269716,1.013732282747895,1.0518919387976489,1.019037651674309,1.011293169134418
Satakunta,1997,13,1.054805034175043,1.0144083817861567,1.0539578452503917,1.0198169132780048,1.0117701732489883
Satakunta,1998,13,1.0584763057571736,1.015575174906766,1.0594750581054502,1.0217740642305333,1.012887048286122
Satakunta,1999,13,1.0623937046417598,1.0166960296491228,1.0637676854004137,1.0232825648845882,1.0137742489611652
Satakunta,2000,13,1.0633005355089025,1.017044701448887,1.0651421664365515,1.0238673581565585,1.0141217833068632
Satakunta,2001,14,1.067076315609403,1.0180825313789241,1.0698136778991159,1.0254230444740045,1.0150108068218697
Satakunta,2002,15,1.0706185038891125,1.0190044839520371,1.0730755814350201,1.0265850822242972,1.0157026468038994
Satakunta,2003,15,1.0714345302514245,1.0192763413006714,1.0734432924251935,1.0268304648423627,1.0158738546413881
Satakunta,2004,15,1.073209996827501,1.0196698320076438,1.074975962038352,1.0272827681521908,1.0161349024712487
Satakunta,2005,15,1.0781557805978172,1.0210112726573335,1.078891254727499,1.0288073050548014,1.017077892465622
Satakunta,2006,17,1.0825856544521735,1.0221587364384666,1.0818782029814784,1.0299230075701158,1.0177794896118402
Satakunta,2007,20,1.0911948849848665,1.0242696963862905,1.088847085453599,1.0323975470518432,1.019268958107273
Satakunta,2008,21,1.1018488455014566,1.0269302043963107,1.0989013951766524,1.03593375243829,1.0213492303086502
Satakunta,2009,23,1.1155059609865752,1.030485390661307,1.1109104491748014,1.0402435920561175,1.0239257018993886
Satakunta,2010,23,1.1292597195324314,1.0342325597514108,1.1240476631107321,1.0449845985676238,1.0267448685062446
Satakunta,2011,24,1.1428517884203262,1.0379385241269314,1.1358766325279388,1.0492451658865463,1.0293158473241666
Satakunta,2012,24,1.159568171491241,1.0426853248929637,1.1505921655278863,1.0546072207593191,1.0325740107929737
Satakunta,2013,28,1.178505891153009,1.0476776490325208,1.1682221876854746,1.0612018229576725,1.036485912439877
Satakunta,2014,28,1.193461042235234,1.051642569011102,1.1825187792267302,1.0664645273031623,1.03958819295968
Satakunta,2015,32,1.213916631617389,1.0565378380904435,1.2032287939260138,1.0738838597821971,1.043840328316206
Satakunta,2016,33,1.2424315365177452,1.063255062572937,1.2344167957183716,1.0844806806311442,1.0497825536438243
Satakunta,2017,34,1.2650624894954372,1.0686932234537996,1.262125565060554,1.0934531125145475,1.0546970400113618
Satakunta,2018,36,1.2825302429277576,1.0727003710463068,1.2812892301487515,1.1000090118386805,1.0583378395749483
Satakunta,2019,39,1.2997355288214727,1.076692222395884,1.302295833203124,1.1069703475644446,1.0621303791678434
Satakunta,2020,41,1.32414914542026,1.0829343011507961,1.3255915336744282,1.115828846480936,1.0672661597215531
Satakunta,2021,39,1.3500351102859927,1.0898958977847397,1.353529930133924,1.1263374293445105,1.073289561002141
Satakunta,2022,45,1.3788679381234887,1.096371191292463,1.3796904880651653,1.1361654189190065,1.078899486160528
Satakunta,2023,48,1.4404913564610262,1.112758563454555,1.4346218060774225,1.1595716377912653,1.0927774455030437
Satakunta,2024,50,1.495367798595474,1.1273392417683674,1.4832878855895755,1.180642405991666,1.105252140016832
Satakunta,2025,52,1.523862344187658,1.1346744133703974,1.505615289227491,1.1907983643017337,1.1113713612606386
South Karelia,1990,11,1.0277472300680477,1.0065713130340759,1.0265194848999306,1.0094438186703574,1.0055400758758268
South Karelia,1991,12,1.0416319171532804,1.0101921805289116,1.0400883261642329,1.014258188095233,1.0083877676873703
South Karelia,1992,13,1.0477188972145517,1.0119397833780437,1.0466418906921202,1.0165859361503524,1.009766122631108
South Karelia,1993,14,1.0519899163987245,1.0131390919001269,1.0512178456364423,1.018307134094557,1.0107842272808711
South Karelia,1994,14,1.0562744249148486,1.014484857002998,1.0560057583288225,1.020118054735411,1.011867205796092
South Karelia,1995,14,1.06208486717936,1.016556939232175,1.0632855184924226,1.0230851467853537,1.0136636025834826
South Karelia,1996,18,1.0730281296613748,1.01973551995985,1.0770577783041864,1.0278958392023811,1.0164417637941028
South Karelia,1997,18,1.0856500602981471,1.024017714627458,1.0948609210713227,1.0344123674282744,1.0202424649619752
South Karelia,1998,20,1.0940603524318548,1.0269355678850407,1.105182680854073,1.0385406487778948,1.02272510130826
South Karelia,1999,20,1.1034511434522047,1.0303059760905982,1.1187094576756587,1.0436865507923414,1.0257519166897708
South Karelia,2000,21,1.1187794420616257,1.035261156731607,1.1396730962774912,1.051210653993032,1.0301197789816021
South Karelia,2001,21,1.1290145955268434,1.039144914265329,1.1532358620551983,1.0566874064670497,1.0334230705515866
South Karelia,2002,22,1.1305220714186326,1.0402885814611058,1.1567833193166175,1.0583496883711612,1.034452794505565
South Karelia,2003,24,1.1373902459215408,1.0427238208309475,1.164272688806089,1.0616284458026326,1.036476771951118
South Karelia,2004,24,1.1471999149366197,1.0461811679955468,1.1764391169514865,1.0664904268788398,1.039402009585847
South Karelia,2005,23,1.1523842959147277,1.0480053933959326,1.18419697132819,1.0693396796312067,1.0410674434032947
South Karelia,2006,24,1.1618030554844327,1.0512155410226451,1.1953792503803957,1.0738785030913478,1.0438040523163248
South Karelia,2007,26,1.1767454253052083,1.0557359190406974,1.213518900755858,1.0806201428534312,1.0477414747377103
South Karelia,2008,28,1.1939317520623351,1.0610291573470907,1.2333210407812003,1.0884055780544954,1.0523620017772857
South Karelia,2009,32,1.2137768693251183,1.0670993352540685,1.253585352367271,1.0967299602526333,1.0573909160735449
South Karelia,2010,33,1.2318094668817163,1.0732800506862792,1.2731429917738626,1.1052428380607349,1.0626026764317786
South Karelia,2011,33,1.250668459113706,1.0803809755704803,1.294020659644657,1.1148108935653473,1.0685643921923427
South Karelia,2012,36,1.2776533807343724,1.0894381786053553,1.3213520200745885,1.1268857938027645,1.0760234667538562
South Karelia,2013,36,1.2961718442811585,1.0965700535444929,1.341985623153742,1.1364352306342,1.0819889790566841
South Karelia,2014,40,1.3223264106532515,1.1046175760896342,1.3696618419533257,1.1479127462221057,1.0888856608097994
South Karelia,2015,38,1.3392759268411494,1.110617913819251,1.3867046273418544,1.1559091745590266,1.09387297991826
South Karelia,2016,42,1.3661824219310597,1.1185899416334737,1.4158485660943967,1.1678537437088865,1.1009569962796406
South Karelia,2017,43,1.38102478697783,1.1228920205258555,1.4315240761265415,1.1741698614506262,1.104693457306296
South Karelia,2018,46,1.3955685736883303,1.127648299347842,1.444461812982136,1.1805483837360282,1.1087065276106367
South Karelia,2019,45,1.4097550801761822,1.1322316448495946,1.458342925271581,1.1870812522318013,1.1127413817016911
South Karelia,2020,48,1.423513365375217,1.136549368418312,1.4705369304812848,1.192948895255556,1.1163964257684382
South Karelia,2021,46,1.4445954866060677,1.142593336553554,1.4936251603032842,1.2021886620182707,1.1217456165053505
South Karelia,2022,49,1.4969543260926035,1.157664320135208,1.542245600543555,1.2238298586519407,1.1347759235572286
South Karelia,2023,56,1.589470994332027,1.181949114700636,1.6136426264177546,1.2573311757613839,1.1551897160123288
South Karelia,2024,55,1.6913990098325165,1.2081719151075176,1.696004844924148,1.294710988608707,1.1774149322559524
South Karelia,2025,56,1.7477494106701563,1.2213919224024394,1.7403062096077226,1.3140235204402655,1.1885754626002711
South Ostrobothnia,1990,7,1.0192542285121604,1.005062556778676,1.0199883074379708,1.007385505062999,1.0043645685694127
South Ostrobothnia,1991,7,1.0245126967281237,1.0062917217492098,1.0232569440085109,1.00866772623513,1.0051747775600952
South Ostrobothnia,1992,8,1.0279646600733874,1.007107618577579,1.0249145084219002,1.0093067203192654,1.005604280590273
South Ostrobothnia,1993,9,1.0307585797658008,1.0077855925411616,1.027713265123736,1.0102818229068227,1.0061716538220686
South Ostrobothnia,1994,9,1.0311461066305514,1.007896652236078,1.0282884764243607,1.0105372687479888,1.0063235371521249
South Ostrobothnia,1995,9,1.0324946193111548,1.0082727559278886,1.0299135842081053,1.0111314970990146,1.0066692173357383
South Ostrobothnia,1996,9,1.0329035676102034,1.0083547241128592,1.030415670972973,1.0113086269082567,1.006770394129513
South Ostrobothnia,1997,10,1.0333729003906393,1.0084243473135601,1.030761341072675,1.0114310937280229,1.0068409414204504
South Ostrobothnia,1998,10,1.0352664464308023,1.0089152542171724,1.0319665643917106,1.0119247003555147,1.0071571479910022
South Ostrobothnia,1999,12,1.0364244179855735,1.0091588683345616,1.0336570177171007,1.0124688200430223,1.0074495812269333
South Ostrobothnia,2000,11,1.0361585384570078,1.0091152770781204,1.0334195416681156,1.0124112484947192,1.0074207854875923
South Ostrobothnia,2001,11,1.0367837241430715,1.0092821602180435,1.0337051104797295,1.012586324721764,1.0075371081752866
South Ostrobothnia,2002,10,1.0392606136368054,1.009996871870584,1.0348929131664657,1.0130992443820586,1.007895509830928
South Ostrobothnia,2003,11,1.0425634630325114,1.0108741593924244,1.037055204341283,1.0139391502296784,1.0084343169090964
South Ostrobothnia,2004,14,1.0483000121519253,1.0122470359000166,1.0417462282134016,1.0156413176992978,1.0094554273226184
South Ostrobothnia,2005,14,1.049900477634761,1.0126462644306244,1.0425924076910513,1.0159150438280373,1.0096383815650354
South Ostrobothnia,2006,15,1.0536917559251961,1.0136291755141615,1.045235696783258,1.0169747898746615,1.010303333921004
South Ostrobothnia,2007,17,1.0593291035631962,1.015011903812199,1.050220438718489,1.0188482859536998,1.011434068125998
South Ostrobothnia,2008,19,1.0699588526283057,1.017612591860551,1.0610514504517163,1.0226594473406232,1.0136456623695584
South Ostrobothnia,2009,19,1.0775311753833152,1.0197617601078575,1.0665502587864972,1.0249707028620891,1.0151228787501818
South Ostrobothnia,2010,23,1.0895408242619582,1.022810135838426,1.0768698563150823,1.0287267918018694,1.0173821575200177
South Ostrobothnia,2011,27,1.1029082012240983,1.0263163680786662,1.0882502942654075,1.0329748136075243,1.0199660773969745
South Ostrobothnia,2012,28,1.1146461114649242,1.0293767359737522,1.097242428732678,1.0364108330790074,1.022085347780147
South Ostrobothnia,2013,27,1.1288296094967836,1.0333401815467738,1.111775909253701,1.0417556886876949,1.0252596004733472
South Ostrobothnia,2014,31,1.1402898869470743,1.0359662359929547,1.1222114597979858,1.045400185218731,1.027378057779663
South Ostrobothnia,2015,29,1.14362980405632,1.0368849499090453,1.1260394226863506,1.0467900754434873,1.0281922612607843
South Ostrobothnia,2016,31,1.1500786952009008,1.038154463142922,1.1342625743142207,1.0491219328533186,1.029415430758443
South Ostrobothnia,2017,30,1.1534114887842655,1.0392223755599166,1.1394816341850522,1.0508702397179026,1.0303911020587646
South Ostrobothnia,2018,30,1.1579730339931726,1.0404216465248775,1.1454320642336453,1.0529496396118505,1.031563049313716
South Ostrobothnia,2019,32,1.1703254907145588,1.0434369357735713,1.1609721154484123,1.0578480575259124,1.0342568736200488
South Ostrobothnia,2020,31,1.1818701865194672,1.0464943002052958,1.1756006668119772,1.0627919814772073,1.0370357400584487
South Ostrobothnia,2021,33,1.1919288262918806,1.0489502817034995,1.1870227991724738,1.0667345005154145,1.0392561952121762
South Ostrobothnia,2022,35,1.2111743674211048,1.0539715034164978,1.2080940267599185,1.0743941859675634,1.0436673877464129
South Ostrobothnia,2023,38,1.2802538119248823,1.07420890395635,1.283361755612446,1.1042612826740679,1.0612400820736954
South Ostrobothnia,2024,42,1.3248171000516384,1.0863809761301346,1.3294685625956504,1.1224301349395054,1.0718402415676955
South Ostrobothnia,2025,44,1.3615570951043239,1.0959314256208315,1.3655528017405494,1.1368654787990962,1.0802445591028589
South Savo,1990,7,1.0152620026900523,1.0034255051481815,1.0147248714572417,1.0051297098108034,1.0029746758784317
South Savo,1991,8,1.0303854457111652,1.0071938815880157,1.030052816940277,1.01032904962813,1.0059963940720207
South Savo,1992,13,1.037445416996964,1.0087537060971112,1.0354302183297137,1.0123747536982284,1.0072451575089154
South Savo,1993,13,1.0468800548639319,1.0112276523374635,1.0438711472489344,1.015616031872124,1.0092096543919822
South Savo,1994,11,1.0483940231084512,1.0119227900729582,1.0459184333586755,1.0165977772885815,1.0098272467196379
South Savo,1995,12,1.054604539588068,1.013594072903236,1.052857131478311,1.0190611406577084,1.011264903959488
South Savo,1996,12,1.0576427965585977,1.0145094600335025,1.054955323599101,1.02009425266645,1.011937032370049
South Savo,1997,12,1.060053281615057,1.0152339872547689,1.058595114435433,1.0212766973759806,1.0125969212696362
South Savo,1998,11,1.0577766367403043,1.014915248501256,1.0569941664543157,1.0209207163901066,1.0124035707712382
South Savo,1999,11,1.061009918997585,1.016063937898634,1.061370161958163,1.0226616218510955,1.0134425932800535
South Savo,2000,12,1.0674604706018087,1.01796253508157,1.0693055792386068,1.0255499706931754,1.0151260891051792
South Savo,2001,13,1.072615019947422,1.0194651935210373,1.0751138840910632,1.0276463057232943,1.0163566743973504
South Savo,2002,13,1.0702742627606414,1.0187340342187672,1.0737398786849293,1.026787936101539,1.0157707099052602
South Savo,2003,15,1.0743312432158574,1.0198000252151858,1.076917795925911,1.0279947766461444,1.0165168825001718
South Savo,2004,17,1.088123388695585,1.02315267133315,1.0945168202755007,1.0331964914963458,1.019372618076906
South Savo,2005,17,1.0981884018348185,1.025959971755264,1.1057740024967329,1.036988382956713,1.021574657302976
South Savo,2006,17,1.107941742360172,1.0287419397289193,1.1192822384036776,1.041315444656931,1.0239955931828109
South Savo,2007,17,1.11559687885739,1.031065950851933,1.1273444379933717,1.0445322747925476,1.0259209864959355
South Savo,2008,16,1.12197218059742,1.0333255647930988,1.1346076979324413,1.047547467311465,1.0277566484529614
South Savo,2009,17,1.1265757708788937,1.0347242216904695,1.1392410271751332,1.049255389728669,1.0287867412673317
South Savo,2010,17,1.13294417971327,1.0366182698522834,1.1463836574497979,1.0518214476321364,1.0302922774466234
South Savo,2011,20,1.142047781548372,1.039209312218746,1.1541403758760926,1.055101694602588,1.032304787532649
South Savo,2012,24,1.1577115620624336,1.0435221100614538,1.1702432929383977,1.06113244140985,1.0358602418235183
South Savo,2013,25,1.1677736014005236,1.0464214554949596,1.179849443531874,1.0650839101708083,1.0382484875066165
South Savo,2014,27,1.178374553198342,1.049500645243789,1.191374647475285,1.0692896921243806,1.0407237953921264
South Savo,2015,29,1.1940403685704224,1.053640018779692,1.212176024723376,1.0759208748120943,1.0443819969243333
South Savo,2016,29,1.2132189491820191,1.0589617770921265,1.2372650013012279,1.0842155010115666,1.049013825920282
South Savo,2017,29,1.2155411321800724,1.0596528589811325,1.242699896724505,1.085628460520171,1.04971400439593
South Savo,2018,28,1.220632698093075,1.0609839725198702,1.2464810810397138,1.0872156108729476,1.0506849346663543
South Savo,2019,31,1.2325280855824705,1.0638095567764034,1.260517191282699,1.092023983461309,1.0533459571512063
South Savo,2020,32,1.237288151701754,1.0649806029953892,1.265363294192249,1.0939421905924491,1.0544579547492068
South Savo,2021,35,1.2484293425566264,1.067401932567438,1.2737451393589623,1.0975652590165477,1.0566178733543699
South Savo,2022,36,1.2715599772133404,1.0736591601181362,1.2982890409089933,1.1068642760428062,1.062004373024621
South Savo,2023,37,1.339865919501326,1.0935122633441676,1.3716994958199713,1.1363488992334023,1.079281524255876
South Savo,2024,39,1.4046285402300298,1.1136352018443068,1.440016859899044,1.1657844838874927,1.0968070766474187
South Savo,2025,38,1.4420477887669434,1.124690229314302,1.4770905636154585,1.1816640688552131,1.1062287133608684
Southwest Finland,1990,22,1.2994558542108474,1.1401060265681184,1.3773249467123774,1.1866691255676305,1.121273640794086
Southwest Finland,1991,27,1.3190949750787309,1.1440492932762942,1.391817719017649,1.1918019059825473,1.1241855527103382
Southwest Finland,1992,31,1.3353630412622406,1.1470653810371731,1.4045381352508033,1.1960054200817773,1.1264399217331167
Southwest Finland,1993,31,1.3500551722168495,1.1501564127770176,1.4176753989209125,1.2004889856434366,1.1288785343958774
Southwest Finland,1994,33,1.3599671871627073,1.1522051278523067,1.4255845744799371,1.2032665945766727,1.130402448909046
Southwest Finland,1995,33,1.3731132871433582,1.1552245142719402,1.4365513674868797,1.2074651719911402,1.1328003274491396
Southwest Finland,1996,34,1.3860770042490935,1.1579806076355952,1.4483235141299662,1.2117315135618387,1.135152194049737
Southwest Finland,1997,36,1.3992894169988275,1.1608440766932042,1.4622419105329811,1.2163718981993532,1.1376034120303848
Southwest Finland,1998,41,1.4246862002531626,1.1666774377594233,1.4855178902734039,1.2249529978119502,1.142419611561229
Southwest Finland,1999,41,1.440090499237415,1.1704221140435809,1.500757766410209,1.230486865105462,1.1454733609371157
Southwest Finland,2000,40,1.4523490666034793,1.1734324173112176,1.5145098506908938,1.2352913335834397,1.1480640595318956
Southwest Finland,2001,42,1.4755752575029741,1.1795308383189291,1.5369364788681705,1.2439269571406848,1.1530009597554922
Southwest Finland,2002,43,1.4916185359507175,1.1832960729560753,1.5520834231810978,1.2494158854965953,1.156040898908776
Southwest Finland,2003,45,1.5073049037662511,1.1870223495775194,1.5667744738889964,1.2549097035829342,1.1591327993224014
Southwest Finland,2004,49,1.5207952910585416,1.1903333999885946,1.5789120954048272,1.2594181130820274,1.1616909464741478
Southwest Finland,2005,53,1.5362216924452547,1.193991938380106,1.5918131226623413,1.2642772032412362,1.1644480633168586
Southwest Finland,2006,57,1.5563929953978566,1.198913067407219,1.6080543594832042,1.270733913203637,1.1681818188945539
Southwest Finland,2007,59,1.5794085086304086,1.2044447285615745,1.6283824052415765,1.2783855485591238,1.1724765004580757
Southwest Finland,2008,58,1.6028140023029989,1.21024376103003,1.6473415438229098,1.285958279968665,1.1768379728689782
Southwest Finland,2009,57,1.6251427482484782,1.2161649695032861,1.666923439799316,1.2939503081511914,1.1814792626046764
Southwest Finland,2010,64,1.6599882868651776,1.2245965707020812,1.692493957757426,1.3048102171213005,1.187883108121545
Southwest Finland,2011,64,1.6898175456731594,1.232458628575561,1.7146120742649926,1.3143085118445932,1.1935465049914067
Southwest Finland,2012,64,1.725635573149407,1.2419697928019637,1.7405525408361588,1.325483028801114,1.2002106768598608
Southwest Finland,2013,64,1.7591349244315526,1.2506481182347071,1.7669958726924928,1.3367734530459132,1.2068243156592078
Southwest Finland,2014,67,1.799920890934151,1.2605038923759528,1.7971717209806197,1.3497873004921954,1.2144200461559076
Southwest Finland,2015,66,1.8315774108554677,1.2683759275977966,1.8222240602236115,1.3606147320244382,1.2206922602389858
Southwest Finland,2016,68,1.8720746601075788,1.2782064705529386,1.856290432902226,1.3749351918399653,1.2288411760587121
Southwest Finland,2017,69,1.9108628512451158,1.2874965230243227,1.8891393950336897,1.3885690552560639,1.2365059859372638
Southwest Finland,2018,69,1.9515557527814915,1.2973538987042033,1.9220146961512556,1.4029182824837583,1.2447051336384793
Southwest Finland,2019,71,1.9928855626047073,1.3075735343203319,1.9542263637434845,1.4176264647264747,1.2532613509596178
Southwest Finland,2020,69,2.040171662923547,1.3192382565862297,1.991215499027044,1.4345597698489914,1.2630254159425645
Southwest Finland,2021,72,2.0902954881650126,1.331330002355632,2.0270965138017885,1.451672821681595,1.2730462738062742
Southwest Finland,2022,74,2.167956275604339,1.349765644477169,2.079225984274056,1.4773431779743516,1.288180107501372
Southwest Finland,2023,76,2.30854815931527,1.3846246755551863,2.168058734148863,1.5246275601727377,1.3166580082294987
Southwest Finland,2024,80,2.424808008970927,1.4134348245281074,2.238446251322909,1.5632293643945854,1.340072639865076
Southwest Finland,2025,82,2.5232889557704095,1.4371237600468358,2.2952985366379903,1.5949371261871428,1.3593216863374367
Uusimaa,1990,41,1.5467545920773837,1.2793631291862935,1.583816234993213,1.3400974741097482,1.2373827175347278
Uusimaa,1991,44,1.5878018892361068,1.2870659048678947,1.6103540795237055,1.3496211472694282,1.2423931608669112
Uusimaa,1992,53,1.6190064400687818,1.292697696968219,1.6317097696044844,1.357047988036227,1.2461245042542473
Uusimaa,1993,56,1.6538326720359375,1.2990408407564424,1.6579036848925544,1.3659057908782402,1.2504479617537958
Uusimaa,1994,57,1.6766648142198097,1.3028504082813746,1.6761336607611463,1.3718048197770103,1.253136739536095
Uusimaa,1995,57,1.6962273957576823,1.3056040859016318,1.6920534851025752,1.376665563900785,1.2551604396889928
Uusimaa,1996,61,1.7090071839660541,1.3067545259916948,1.7040712352716216,1.3797980856159129,1.256146652407513
Uusimaa,1997,63,1.7341304339099326,1.311036345227264,1.7248140510397147,1.386850234882457,1.259497609244973
Uusimaa,1998,63,1.7571066793534262,1.3148445055952664,1.7437153907827667,1.3932950240667494,1.2625196123407283
Uusimaa,1999,68,1.779208244914027,1.31811075599446,1.7606641486852506,1.3989268282088279,1.2650915406192602
Uusimaa,2000,69,1.79131365546472,1.319069083483545,1.7709904176782563,1.401618893981842,1.2659217917523875
Uusimaa,2001,70,1.821895168952896,1.3248875054089635,1.7933410097163653,1.4099312685299663,1.2701956404853503
Uusimaa,2002,77,1.8462471768390214,1.3296632799831754,1.8120959728978632,1.4167780759006405,1.2736921535977779
Uusimaa,2003,83,1.8799790621737404,1.3366413627196365,1.83585558083518,1.4264228474875977,1.2789876944830627
Uusimaa,2004,84,1.9052452372211286,1.3417970070064855,1.856132619138413,1.4340112643322547,1.2829632804785938
Uusimaa,2005,88,1.9492239764435364,1.3515347017537993,1.8855057359118699,1.4465862768692872,1.2901119840701192
Uusimaa,2006,89,1.9961217392759494,1.3619937442388574,1.9150423136939327,1.4594441227080552,1.297470200527939
Uusimaa,2007,90,2.054192816958985,1.3754949374905903,1.951058123955815,1.4758234872557277,1.3070339765045775
Uusimaa,2008,90,2.115350712922191,1.3899896485740317,1.988384676529404,1.4930576442384473,1.3171860904550527
Uusimaa,2009,90,2.1737654302859304,1.403870483598321,2.0231884085262197,1.5092237805797981,1.3267099380819798
Uusimaa,2010,91,2.231519854356085,1.4184122768822343,2.056063457688088,1.5251228150180687,1.33629511128964
Uusimaa,2011,94,2.3033128104028817,1.4363278550840128,2.094291154177785,1.5438850122068786,1.3476499679566882
Uusimaa,2012,94,2.3811909369586415,1.4562226556291906,2.1344409529117816,1.5641315267295621,1.3600413056548142
Uusimaa,2013,94,2.458826084563151,1.476140843988704,2.175575199801434,1.5847906935297214,1.3725969707109313
Uusimaa,2014,94,2.5425110209499393,1.49621892776504,2.222748410903698,1.6079854021313753,1.3863442573635345
Uusimaa,2015,95,2.6205310650723415,1.5147664725858698,2.268744401152764,1.6306329946588678,1.3996181683644544
Uusimaa,2016,95,2.716176492517691,1.5373171909523626,2.3288970885708125,1.6599989266495903,1.416610378707123
Uusimaa,2017,96,2.8065486213061104,1.5576769780863202,2.3853079486884767,1.6878201707402114,1.432596175342104
Uusimaa,2018,96,2.898181121387142,1.5783065600617185,2.4396858939886337,1.7157630299358944,1.4488438426706332
Uusimaa,2019,97,3.0068841177854897,1.6021962778217795,2.4996186847641724,1.7477956044467615,1.4676994583815224
Uusimaa,2020,100,3.1107714897944123,1.6259576150888044,2.554778551822161,1.778466611791788,1.4860889045334142
Uusimaa,2021,101,3.234091784593427,1.6554475169381333,2.6160231637205076,1.814311286268863,1.5080882803149
Uusimaa,2022,104,3.4228426359209316,1.6987774612869178,2.704073623918319,1.8676547760970266,1.541004553570321
Uusimaa,2023,105,3.671284306421448,1.7531930745113915,2.8072816434377725,1.9330810683641686,1.5818817749665564
Uusimaa,2024,107,3.8701177085290586,1.7967637345335277,2.887226482396811,1.985294074616631,1.6146921994101469
Uusimaa,2025,104,4.01134492851709,1.8275273955100564,2.94398315915187,2.0228551026990784,1.6382980532474596
Åland,1990,6,1.2366400247159552,1.1026206193323724,1.292805745614215,1.1365333734337164,1.087087830749695
Åland,1991,6,1.2391282918267628,1.104493646206732,1.2971342045491396,1.1391184744997094,1.0888408301581256
Åland,1992,6,1.2406810718540644,1.1040678371525188,1.3005630717763106,1.1393022061980902,1.0886422919218417
Åland,1993,6,1.2431148295084347,1.1054998241047935,1.301639511332356,1.1407196029272324,1.089763154960353
Åland,1994,7,1.2490912158710545,1.10841893344414,1.3101842580655636,1.1451070237400771,1.0925727884823273
Åland,1995,8,1.2576726099457562,1.1100782586905271,1.3106819728729107,1.1458124197560569,1.0932451423571272
Åland,1996,8,1.2565328704390426,1.110812318294234,1.3193552368773442,1.1484724945010358,1.0945968423569308
Åland,1997,9,1.2697466820434056,1.1136065829862074,1.345562116595196,1.1539497101224439,1.0971237850302553
Åland,1998,9,1.2689277418141856,1.113384771050075,1.345820169823683,1.1539338678899898,1.097063227080549
Åland,1999,11,1.2816847358883998,1.1168978456213021,1.355575136461546,1.1584809547890025,1.099942571620074
Åland,2000,11,1.2817664670116453,1.1169094360251182,1.3459272084025813,1.1573544751832265,1.0997431350518974
Åland,2001,12,1.2900005493416522,1.1199293648120003,1.353948606238355,1.161420056934814,1.102370171338904
Åland,2002,14,1.3155960317980715,1.12706418787641,1.3856960954930746,1.1722858186575644,1.1086071713984893
Åland,2003,15,1.3299190393694829,1.1303347407384305,1.4020407373322041,1.1776365411774057,1.111523108656479
Åland,2004,16,1.3564195137708526,1.1389556593898282,1.4341264594203085,1.1898448218678463,1.1188699252583774
Åland,2005,19,1.3983151080642966,1.1488133917850978,1.4620380460019953,1.2025746382918179,1.126702201626999
Åland,2006,20,1.414712544077582,1.1525948901994478,1.475175081434197,1.2082540975482285,1.130025318003483
Åland,2007,20,1.4719657495366827,1.1681475553730438,1.531974026066364,1.2307461023955957,1.143115220727883
Åland,2008,20,1.5192366612838577,1.1816087755425309,1.5851968240181207,1.2500523201459353,1.154188453297732
Åland,2009,23,1.5568455886412509,1.1907169234087964,1.6151794390224417,1.2632825218450818,1.161931733978473
Åland,2010,22,1.5765043283506204,1.1960054801086721,1.6376953713339493,1.2718718970753573,1.1665879699446766
Åland,2011,21,1.5979212446374773,1.2029847355235141,1.6532009373960224,1.2802411649874927,1.1718902951527805
Åland,2012,22,1.6294241052110827,1.2112837555914118,1.6868519065015064,1.2929396326474396,1.1790259787168
Åland,2013,24,1.662342460586632,1.220930039153765,1.7188942094375936,1.3069780243712037,1.1873157239254677
Åland,2014,25,1.6962741956280174,1.2303496665472857,1.7380039882217528,1.3180972850681665,1.1944513152006828
Åland,2015,25,1.7198820847733138,1.2366713801554807,1.763248600685335,1.3281434534944643,1.1999904510958326
Åland,2016,26,1.7645964542666512,1.2499576573434101,1.798164171629818,1.3457315940553027,1.210790364831641
Åland,2017,27,1.8028964159381258,1.2614564386211122,1.8233958963230383,1.3600779587650889,1.219966344542531
Åland,2018,28,1.849164346459581,1.2737123946486055,1.8585310646218585,1.3763685696563297,1.229696765977772
Åland,2019,28,1.8691582914413816,1.2796856024535987,1.8723010760855856,1.3833676403503636,1.2341433108510358
Åland,2020,29,1.8958985371843493,1.2872193202804567,1.8812680536917525,1.390657991380076,1.239221120600214
Åland,2021,26,1.9037835505554088,1.2920912834778953,1.898312764848891,1.3980355465488674,1.243474561110936
Åland,2022,26,1.9194693462647545,1.2958145758347452,1.9099474440194475,1.4031274283370543,1.2464798502042262
Åland,2023,29,1.9769984330325434,1.309360832004785,1.9569539426887486,1.4230491086528976,1.2578596943907674
Åland,2024,27,2.001364100576016,1.3155331026309585,1.978958997937819,1.4314587484286896,1.262576204009072
Åland,2025,26,2.074475911913685,1.3373883324093423,2.0207312220658453,1.4575863668719802,1.2793928509850419
